n_train,err
1024,0.5307015368634969
2048,0.3905170728973705
4096,0.3102071154532571
8192,0.2389861054942852
16384,0.18983853860410596
32768,0.16784263308119618
65536,0.153004536782535
131072,0.11787686053011281
262144,0.09081329996193956
524288,0.08111413077192714
607309.5009751694,0.08068846898599627
