n_train,err
1550,0.38701520382208937
3125,0.27761914960603506
6250,0.18379976084415348
12500,0.11712691819377044
25000,0.07075404016351133
50000,0.04483069338627808
